page_title,number_users_reverted_Jan_to_Nov_2021
2022 Uttar Pradesh Legislative Assembly election Legislative Assembly election,179
2022 Uttar Pradesh Legislative Assembly election Legislative Assembly election,179
2022 Uttar Pradesh Legislative Assembly election Legislative Assembly election,179
2022 Uttar Pradesh Legislative Assembly election Legislative Assembly election,179
2022 Uttar Pradesh Legislative Assembly election Legislative Assembly election,179
2022 Uttar Pradesh Legislative Assembly election Legislative Assembly election,179
2022 Uttar Pradesh Legislative Assembly election Legislative Assembly election,179
2022 Uttar Pradesh Legislative Assembly election Legislative Assembly election,179
2022 Uttar Pradesh Legislative Assembly election Legislative Assembly election,179
2022 Uttar Pradesh Legislative Assembly election Legislative Assembly election,179
